成份代码,成份名称,所属GICS行业代码1,所属GICS行业1,所属GICS行业代码,所属GICS行业,市盈率(PE),截止日期,收盘价,涨跌幅[%],指数权重,指数贡献[点],流通市值[亿],总市值[亿],流通股本[亿],总股本[亿]
00086.HK,新鸿基公司,"4,020.0000",综合金融,40.0000,金融,5.9591,2014-06-30,6.1700,0.1623,0.0000,0.0000,130.4315,130.4315,21.1396,21.1396
06881.HK,中国银河,"4,020.0000",综合金融,40.0000,金融,17.8049,2014-06-30,5.0100,1.2121,0.0000,0.0000,84.7183,377.6167,16.9098,75.3726
06837.HK,海通证券,"4,020.0000",综合金融,40.0000,金融,18.0227,2014-06-30,12.0200,1.5203,0.0000,0.0000,179.4093,"1,152.0835",14.9259,95.8472
06030.HK,中信证券,"4,020.0000",综合金融,40.0000,金融,36.2819,2014-06-30,17.1000,0.5882,0.0000,0.0000,201.4940,"1,883.8913",11.7833,110.1691
03360.HK,远东宏信,"4,020.0000",综合金融,40.0000,金融,10.5754,2014-06-30,5.6600,0.1770,0.0000,0.0000,186.3498,186.3498,32.9240,32.9240
01788.HK,国泰君安国际,"4,020.0000",综合金融,40.0000,金融,20.9722,2014-06-30,4.4000,1.1494,0.0000,0.0000,83.2172,83.2172,18.9130,18.9130
01359.HK,中国信达,"4,020.0000",综合金融,40.0000,金融,5.1521,2014-06-30,3.8500,1.3158,0.0000,0.0000,448.9007,"1,395.8826",116.5976,362.5669
01051.HK,国际资源,"4,020.0000",综合金融,40.0000,金融,――,2014-06-30,0.1940,-2.0202,0.0000,0.0000,51.3907,51.3907,264.9008,264.9008
00806.HK,惠理集团,"4,020.0000",综合金融,40.0000,金融,17.1354,2014-06-30,5.1900,0.9728,0.0000,0.0000,91.0950,91.0950,17.5520,17.5520
00388.HK,香港交易所,"4,020.0000",综合金融,40.0000,金融,106.3958,2014-06-30,144.5000,0.4170,0.0000,0.0000,"1,686.4769","1,686.4769",11.6711,11.6711
00165.HK,中国光大控股,"4,020.0000",综合金融,40.0000,金融,15.2938,2014-06-30,10.4200,0.0000,0.0000,0.0000,175.6034,175.6034,16.8525,16.8525
00142.HK,第一太平,"4,020.0000",综合金融,40.0000,金融,4.6672,2014-06-30,8.6600,-0.4598,0.0000,0.0000,372.2639,372.2639,42.9866,42.9866
01800.HK,中国交通建设,"2,010.0000",资本品,20.0000,工业,4.7153,2014-06-30,5.2000,1.1673,0.0000,0.0000,230.2300,841.0862,44.2750,161.7474
03898.HK,中车时代电气,"2,010.0000",资本品,20.0000,工业,17.7655,2014-06-30,23.5500,-1.8750,0.0000,0.0000,128.8961,276.8247,5.4733,11.7548
03808.HK,中国重汽,"2,010.0000",资本品,20.0000,工业,179.1736,2014-06-30,3.8600,0.5208,0.0000,0.0000,106.5743,106.5743,27.6099,27.6099
03339.HK,中国龙工,"2,010.0000",资本品,20.0000,工业,18.2962,2014-06-30,1.3300,4.7244,0.0000,0.0000,56.9253,56.9253,42.8010,42.8010
03311.HK,中国建筑国际,"2,010.0000",资本品,20.0000,工业,11.8208,2014-06-30,13.6000,0.1473,0.0000,0.0000,529.3663,529.3663,38.9240,38.9240
02789.HK,远大中国,"2,010.0000",资本品,20.0000,工业,2.7596,2014-06-30,0.6800,0.0000,0.0000,0.0000,42.2194,42.2194,62.0873,62.0873
02727.HK,上海电气,"2,010.0000",资本品,20.0000,工业,11.7976,2014-06-30,3.1200,0.6452,0.0000,0.0000,92.7549,400.0972,29.7291,128.2363
02382.HK,舜宇光学科技,"2,010.0000",资本品,20.0000,工业,227.2925,2014-06-30,10.9600,4.3810,0.0000,0.0000,120.2312,120.2312,10.9700,10.9700
02357.HK,中航科工,"2,010.0000",资本品,20.0000,工业,32.5609,2014-06-30,4.3800,3.0588,0.0000,0.0000,103.2118,239.7800,23.5643,54.7443
02128.HK,中国联塑,"2,010.0000",资本品,20.0000,工业,23.9670,2014-06-30,4.1500,-1.1905,0.0000,0.0000,129.0756,129.0756,31.1026,31.1026
02039.HK,中集集团,"2,010.0000",资本品,20.0000,工业,10.3471,2014-06-30,14.9400,6.1080,0.0000,0.0000,213.7138,398.0895,14.3048,26.6459
01882.HK,海天国际,"2,010.0000",资本品,20.0000,工业,20.3687,2014-06-30,18.1000,-2.3733,0.0000,0.0000,288.8760,288.8760,15.9600,15.9600
01829.HK,中国机械工程,"2,010.0000",资本品,20.0000,工业,3.0960,2014-06-30,4.5800,-0.6508,0.0000,0.0000,41.5988,188.9571,9.0827,41.2570
01766.HK,中国中车,"2,010.0000",资本品,20.0000,工业,19.7299,2014-06-30,5.8300,0.1718,0.0000,0.0000,117.9992,804.7149,20.2400,138.0300
01618.HK,中国中冶,"2,010.0000",资本品,20.0000,工业,7.2148,2014-06-30,1.5000,0.0000,0.0000,0.0000,43.0650,286.6500,28.7100,191.1000
01205.HK,中信资源,"2,010.0000",资本品,20.0000,工业,-1.6354,2014-06-30,1.3000,0.7752,0.0000,0.0000,102.2909,102.2909,78.6853,78.6853
01186.HK,中国铁建,"2,010.0000",资本品,20.0000,工业,6.5847,2014-06-30,6.8200,0.0000,0.0000,0.0000,141.6034,841.4203,20.7630,123.3754
01157.HK,中联重科,"2,010.0000",资本品,20.0000,工业,13.2550,2014-06-30,4.8000,-1.2346,0.0000,0.0000,68.6414,369.8858,14.3003,77.0595
01101.HK,华荣能源,"2,010.0000",资本品,20.0000,工业,-0.0380,2014-06-30,1.6700,-1.1834,0.0000,0.0000,118.4607,118.4607,70.9346,70.9346
01072.HK,东方电气,"2,010.0000",资本品,20.0000,工业,4.5505,2014-06-30,13.3200,1.2158,0.0000,0.0000,45.2880,266.9142,3.4000,20.0386
00868.HK,信义玻璃,"2,010.0000",资本品,20.0000,工业,15.5936,2014-06-30,4.5500,-0.2193,0.0000,0.0000,178.4332,178.4332,39.2161,39.2161
00750.HK,水发兴业能源,"2,010.0000",资本品,20.0000,工业,2.3838,2014-06-30,13.0600,-3.2593,0.0000,0.0000,90.6563,90.6563,6.9415,6.9415
00716.HK,胜狮货柜,"2,010.0000",资本品,20.0000,工业,3.1373,2014-06-30,1.5800,1.9355,0.0000,0.0000,38.2426,38.2426,24.2042,24.2042
00659.HK,新创建集团,"2,010.0000",资本品,20.0000,工业,6.1766,2014-06-30,14.3800,0.2789,0.0000,0.0000,538.0874,538.0874,37.4192,37.4192
00658.HK,中国高速传动,"2,010.0000",资本品,20.0000,工业,112.4973,2014-06-30,5.1600,-3.5514,0.0000,0.0000,84.3810,84.3810,16.3529,16.3529
00631.HK,三一国际,"2,010.0000",资本品,20.0000,工业,26.9936,2014-06-30,1.7200,1.7751,0.0000,0.0000,52.3056,52.3056,30.4103,30.4103
00586.HK,海螺创业,"2,010.0000",资本品,20.0000,工业,27.0381,2014-06-30,17.0600,0.1174,0.0000,0.0000,307.8904,307.8904,18.0475,18.0475
00390.HK,中国中铁,"2,010.0000",资本品,20.0000,工业,8.5937,2014-06-30,3.7900,1.0667,0.0000,0.0000,159.4601,807.2662,42.0739,212.9990
00363.HK,上海实业控股,"2,010.0000",资本品,20.0000,工业,4.8277,2014-06-30,23.6000,1.2876,0.0000,0.0000,255.5317,255.5317,10.8276,10.8276
00179.HK,德昌电机控股,"2,010.0000",资本品,20.0000,工业,8.4526,2014-06-30,6.9300,-0.2878,0.0000,0.0000,248.0383,248.0383,35.7920,35.7920
00148.HK,建滔集团,"2,010.0000",资本品,20.0000,工业,8.5723,2014-06-30,15.9800,0.2509,0.0000,0.0000,163.8909,163.8909,10.2560,10.2560
00013.HK,和记黄埔,"2,010.0000",资本品,20.0000,工业,――,2014-06-30,106.0000,-1.3035,0.0000,0.0000,"4,519.1730","4,519.1730",42.6337,42.6337
03933.HK,联邦制药,"3,520.0000",制药、生物科技和生命科学,35.0000,医疗保健,331.6611,2014-06-30,5.3000,-1.6698,0.0000,0.0000,86.2244,86.2244,16.2688,16.2688
02877.HK,神威药业,"3,520.0000",制药、生物科技和生命科学,35.0000,医疗保健,5.1549,2014-06-30,13.6000,1.9490,0.0000,0.0000,112.4720,112.4720,8.2700,8.2700
02196.HK,复星医药,"3,520.0000",制药、生物科技和生命科学,35.0000,医疗保健,31.6113,2014-06-30,28.9000,1.4035,0.0000,0.0000,116.5491,668.0557,4.0328,23.1161
02005.HK,石四药集团,"3,520.0000",制药、生物科技和生命科学,35.0000,医疗保健,33.0506,2014-06-30,2.9800,1.0169,0.0000,0.0000,88.0270,88.0270,29.5393,29.5393
01666.HK,同仁堂科技,"3,520.0000",制药、生物科技和生命科学,35.0000,医疗保健,15.4885,2014-06-30,11.3200,-0.1764,0.0000,0.0000,71.1693,144.9847,6.2870,12.8078
01177.HK,中国生物制药,"3,520.0000",制药、生物科技和生命科学,35.0000,医疗保健,165.8330,2014-06-30,6.2800,-0.7899,0.0000,0.0000,310.3238,310.3238,49.4146,49.4146
01093.HK,石药集团,"3,520.0000",制药、生物科技和生命科学,35.0000,医疗保健,128.0155,2014-06-30,6.1900,-0.8013,0.0000,0.0000,365.7063,365.7063,59.0802,59.0802
00874.HK,白云山,"3,520.0000",制药、生物科技和生命科学,35.0000,医疗保健,26.7376,2014-06-30,22.7000,0.2208,0.0000,0.0000,49.9173,293.1343,2.1990,12.9134
00867.HK,康哲药业,"3,520.0000",制药、生物科技和生命科学,35.0000,医疗保健,28.8484,2014-06-30,9.4900,0.7431,0.0000,0.0000,229.1595,229.1595,24.1475,24.1475
00775.HK,长江生命科技,"3,520.0000",制药、生物科技和生命科学,35.0000,医疗保健,38.6108,2014-06-30,0.7600,-2.5641,0.0000,0.0000,73.0442,73.0442,96.1107,96.1107
00587.HK,华瀚健康,"3,520.0000",制药、生物科技和生命科学,35.0000,医疗保健,11.1734,2014-06-30,1.5700,0.6410,0.0000,0.0000,64.1200,64.1200,40.8408,40.8408
00570.HK,中国中药,"3,520.0000",制药、生物科技和生命科学,35.0000,医疗保健,68.2283,2014-06-30,3.4700,0.0000,0.0000,0.0000,87.9263,87.9263,25.3390,25.3390
00460.HK,四环医药,"3,520.0000",制药、生物科技和生命科学,35.0000,医疗保健,5.1404,2014-06-30,4.7400,0.4237,0.0000,0.0000,491.2622,491.2622,103.6418,103.6418
03382.HK,天津港发展,"2,030.0000",运输,20.0000,工业,4.4797,2014-06-30,1.2200,0.0000,0.0000,0.0000,75.1276,75.1276,61.5800,61.5800
02866.HK,中远海发,"2,030.0000",运输,20.0000,工业,-2.8323,2014-06-30,2.0000,0.5025,0.0000,0.0000,75.0200,233.6625,37.5100,116.8313
02343.HK,太平洋航运,"2,030.0000",运输,20.0000,工业,458.1970,2014-06-30,4.8200,1.6878,0.0000,0.0000,93.3623,93.3623,19.3698,19.3698
01919.HK,中远海控,"2,030.0000",运输,20.0000,工业,158.4159,2014-06-30,3.0200,0.0000,0.0000,0.0000,77.9341,308.5315,25.8060,102.1627
01308.HK,海丰国际,"2,030.0000",运输,20.0000,工业,31.4109,2014-06-30,3.1700,-0.6270,0.0000,0.0000,81.9782,81.9782,25.8606,25.8606
01199.HK,中远海运港口,"2,030.0000",运输,20.0000,工业,2.6214,2014-06-30,10.7400,0.0000,0.0000,0.0000,312.7838,312.7838,29.1233,29.1233
01138.HK,中远海能,"2,030.0000",运输,20.0000,工业,-6.2351,2014-06-30,4.5400,-1.5184,0.0000,0.0000,58.8384,154.5669,12.9600,34.0456
01055.HK,中国南方航空股份,"2,030.0000",运输,20.0000,工业,24.2746,2014-06-30,2.3400,-1.6807,0.0000,0.0000,65.4011,229.7311,27.9492,98.1757
01052.HK,越秀交通基建,"2,030.0000",运输,20.0000,工业,10.9620,2014-06-30,4.4200,0.2268,0.0000,0.0000,73.9538,73.9538,16.7316,16.7316
00753.HK,中国国航,"2,030.0000",运输,20.0000,工业,18.8952,2014-06-30,4.5400,1.7937,0.0000,0.0000,207.1458,594.0477,45.6268,130.8475
00737.HK,湾区发展,"2,030.0000",运输,20.0000,工业,11.4600,2014-06-30,3.8900,0.0000,0.0000,0.0000,119.8778,119.8778,30.8169,30.8169
00694.HK,北京首都机场股份,"2,030.0000",运输,20.0000,工业,14.6826,2014-06-30,5.3300,0.5660,0.0000,0.0000,100.1701,230.8364,18.7936,43.3089
00670.HK,中国东方航空股份,"2,030.0000",运输,20.0000,工业,17.0436,2014-06-30,2.3900,0.0000,0.0000,0.0000,100.2172,302.9150,41.9319,126.7427
00636.HK,嘉里物流,"2,030.0000",运输,20.0000,工业,12.1452,2014-06-30,12.2400,-0.3257,0.0000,0.0000,206.9225,206.9225,16.9054,16.9054
00576.HK,浙江沪杭甬,"2,030.0000",运输,20.0000,工业,9.8817,2014-06-30,7.8500,0.1275,0.0000,0.0000,112.5576,340.9345,14.3385,43.4311
00525.HK,广深铁路股份,"2,030.0000",运输,20.0000,工业,6.8641,2014-06-30,2.8900,1.7606,0.0000,0.0000,41.3646,204.7142,14.3130,70.8354
00517.HK,中远海运国际,"2,030.0000",运输,20.0000,工业,14.2757,2014-06-30,3.1800,-0.9346,0.0000,0.0000,48.1408,48.1408,15.1386,15.1386
00316.HK,东方海外国际,"2,030.0000",运输,20.0000,工业,58.0764,2014-06-30,37.9500,-1.0430,0.0000,0.0000,237.4886,237.4886,6.2579,6.2579
00293.HK,国泰航空,"2,030.0000",运输,20.0000,工业,15.2331,2014-06-30,14.4800,0.1383,0.0000,0.0000,569.6207,569.6207,39.3384,39.3384
00269.HK,中国资源交通,"2,030.0000",运输,20.0000,工业,-0.1260,2014-06-30,0.3250,0.0000,0.0000,0.0000,88.3180,88.3180,271.7478,271.7478
00177.HK,江苏宁沪高速公路,"2,030.0000",运输,20.0000,工业,11.9509,2014-06-30,9.1700,-0.5423,0.0000,0.0000,112.0574,461.9614,12.2200,50.3775
00152.HK,深圳国际,"2,030.0000",运输,20.0000,工业,17.3288,2014-06-30,9.5400,0.6329,0.0000,0.0000,163.2601,163.2601,17.1132,17.1132
00144.HK,招商局港口,"2,030.0000",运输,20.0000,工业,7.7325,2014-06-30,24.2000,-0.2062,0.0000,0.0000,611.5351,611.5351,25.2700,25.2700
00066.HK,港铁公司,"2,030.0000",运输,20.0000,工业,19.2578,2014-06-30,29.8500,0.5050,0.0000,0.0000,"1,731.6573","1,731.6573",58.0120,58.0120
03993.HK,洛阳钼业,"1,510.0000",原材料,15.0000,原材料,45.1231,2014-06-30,3.9700,-0.2513,0.0000,0.0000,52.0529,201.5240,13.1116,50.7617
03983.HK,中海石油化学,"1,510.0000",原材料,15.0000,原材料,2.6187,2014-06-30,4.2300,-0.2358,0.0000,0.0000,74.9133,195.0030,17.7100,46.1000
03323.HK,中国建材,"1,510.0000",原材料,15.0000,原材料,13.2591,2014-06-30,6.8300,0.2937,0.0000,0.0000,196.6474,368.7535,28.7917,53.9903
02899.HK,紫金矿业,"1,510.0000",原材料,15.0000,原材料,48.7226,2014-06-30,1.7600,0.5714,0.0000,0.0000,102.8201,380.9671,58.4205,216.4586
02689.HK,玖龙纸业,"1,510.0000",原材料,15.0000,原材料,18.5462,2014-06-30,5.2700,0.7648,0.0000,0.0000,245.9098,245.9098,46.6622,46.6622
02626.HK,湖南有色金属公司,"1,510.0000",原材料,15.0000,原材料,――,2014-06-30,2.3300,0.0000,0.0000,0.0000,0.0000,85.4658,0.0000,36.6806
02600.HK,中国铝业,"1,510.0000",原材料,15.0000,原材料,26.4863,2014-06-30,2.7800,-0.3584,0.0000,0.0000,109.6423,375.9808,39.4397,135.2449
02314.HK,理文造纸,"1,510.0000",原材料,15.0000,原材料,10.6870,2014-06-30,4.1200,-0.9615,0.0000,0.0000,192.7168,192.7168,46.7759,46.7759
02233.HK,西部水泥,"1,510.0000",原材料,15.0000,原材料,15.4853,2014-06-30,0.7200,1.4085,0.0000,0.0000,32.5248,32.5248,45.1734,45.1734
02009.HK,金隅集团,"1,510.0000",原材料,15.0000,原材料,4.3605,2014-06-30,5.0000,1.8330,0.0000,0.0000,58.4691,239.2320,11.6938,47.8464
01818.HK,招金矿业,"1,510.0000",原材料,15.0000,原材料,31.3492,2014-06-30,4.4300,0.9112,0.0000,0.0000,38.7335,131.3861,8.7435,29.6583
01378.HK,中国宏桥,"1,510.0000",原材料,15.0000,原材料,6.3981,2014-06-30,5.5700,-2.1090,0.0000,0.0000,327.7945,327.7945,58.8500,58.8500
01333.HK,中国忠旺,"1,510.0000",原材料,15.0000,原材料,3.4855,2014-06-30,2.4300,1.2500,0.0000,0.0000,132.4207,132.4207,54.4941,54.4941
01313.HK,华润水泥控股,"1,510.0000",原材料,15.0000,原材料,24.5568,2014-06-30,4.8600,-0.2053,0.0000,0.0000,317.5008,317.5008,65.3294,65.3294
01208.HK,五矿资源,"1,510.0000",原材料,15.0000,原材料,18.9247,2014-06-30,2.3200,-0.4292,0.0000,0.0000,122.7189,122.7189,52.8961,52.8961
01194.HK,湾区黄金(新),"1,510.0000",原材料,15.0000,原材料,1.0319,2014-06-30,0.7000,0.0000,0.0000,0.0000,30.4590,30.4590,43.5128,43.5128
01136.HK,台泥国际集团,"1,510.0000",原材料,15.0000,原材料,――,2014-06-30,3.1000,0.9772,0.0000,0.0000,102.1649,102.1649,32.9564,32.9564
00914.HK,海螺水泥,"1,510.0000",原材料,15.0000,原材料,25.6486,2014-06-30,26.6000,-0.7463,0.0000,0.0000,345.6936,"1,409.6145",12.9960,52.9930
00906.HK,中粮包装,"1,510.0000",原材料,15.0000,原材料,7.7311,2014-06-30,6.6800,1.5198,0.0000,0.0000,66.6370,66.6370,9.9756,9.9756
00743.HK,亚洲水泥(中国),"1,510.0000",原材料,15.0000,原材料,12.4536,2014-06-30,4.9100,1.2371,0.0000,0.0000,76.4119,76.4119,15.5625,15.5625
00697.HK,首程控股,"1,510.0000",原材料,15.0000,原材料,-9.8263,2014-06-30,0.3450,1.4706,0.0000,0.0000,30.9047,30.9047,89.5790,89.5790
00691.HK,山水水泥,"1,510.0000",原材料,15.0000,原材料,7.5083,2014-06-30,2.7300,-1.7986,0.0000,0.0000,76.8754,76.8754,28.1595,28.1595
00546.HK,阜丰集团,"1,510.0000",原材料,15.0000,原材料,10.2724,2014-06-30,2.9100,2.4648,0.0000,0.0000,60.7480,60.7480,20.8756,20.8756
00468.HK,纷美包装,"1,510.0000",原材料,15.0000,原材料,10.4033,2014-06-30,5.3000,0.1890,0.0000,0.0000,71.3184,71.3184,13.4563,13.4563
00433.HK,北方矿业,"1,510.0000",原材料,15.0000,原材料,1.8069,2014-06-30,0.4350,――,0.0000,0.0000,63.4344,63.4344,145.8262,145.8262
00358.HK,江西铜业股份,"1,510.0000",原材料,15.0000,原材料,7.1361,2014-06-30,12.2600,-0.8091,0.0000,0.0000,170.1053,424.5306,13.8748,34.6273
00347.HK,鞍钢股份,"1,510.0000",原材料,15.0000,原材料,21.3198,2014-06-30,5.0000,-1.5748,0.0000,0.0000,54.2900,361.7404,10.8580,72.3481
00336.HK,华宝国际,"1,510.0000",原材料,15.0000,原材料,11.1122,2014-06-30,4.5900,1.1013,0.0000,0.0000,142.3505,142.3505,31.0132,31.0132
00323.HK,马鞍山钢铁股份,"1,510.0000",原材料,15.0000,原材料,82.7959,2014-06-30,1.6100,-0.6173,0.0000,0.0000,27.9002,123.9810,17.3293,77.0068
00297.HK,中化化肥,"1,510.0000",原材料,15.0000,原材料,-8.8117,2014-06-30,1.0500,0.0000,0.0000,0.0000,73.7568,73.7568,70.2446,70.2446
00189.HK,东岳集团,"1,510.0000",原材料,15.0000,原材料,11.8668,2014-06-30,3.2300,2.2152,0.0000,0.0000,68.4168,68.4168,21.1817,21.1817
06818.HK,中国光大银行,"4,010.0000",银行,40.0000,金融,4.5571,2014-06-30,3.5700,0.5634,0.0000,0.0000,245.2139,"1,666.4437",68.6874,466.7910
03988.HK,中国银行,"4,010.0000",银行,40.0000,金融,3.8205,2014-06-30,3.4700,-0.5731,0.0000,0.0000,"2,901.6930","9,693.9518",836.2228,"2,793.6461"
03968.HK,招商银行,"4,010.0000",银行,40.0000,金融,14.6962,2014-06-30,15.2800,0.2625,0.0000,0.0000,701.4897,"3,853.5924",45.9090,252.1985
03698.HK,徽商银行,"4,010.0000",银行,40.0000,金融,4.9468,2014-06-30,3.4900,0.0000,0.0000,0.0000,110.3713,385.6387,31.6250,110.4982
03618.HK,重庆农村商业银行,"4,010.0000",银行,40.0000,金融,4.9333,2014-06-30,3.5800,0.2801,0.0000,0.0000,89.9774,332.9400,25.1334,93.0000
03328.HK,交通银行,"4,010.0000",银行,40.0000,金融,3.9647,2014-06-30,5.3500,0.1873,0.0000,0.0000,"1,873.1347","3,973.0559",350.1186,742.6273
02388.HK,中银香港,"4,010.0000",银行,40.0000,金融,10.6431,2014-06-30,22.4500,-0.6637,0.0000,0.0000,"2,373.5892","2,373.5892",105.7278,105.7278
02356.HK,大新银行集团,"4,010.0000",银行,40.0000,金融,5.8344,2014-06-30,13.0000,-1.6641,0.0000,0.0000,182.1996,182.1996,14.0154,14.0154
01988.HK,民生银行,"4,010.0000",银行,40.0000,金融,3.9489,2014-06-30,7.0200,0.5731,0.0000,0.0000,486.7373,"2,389.5816",69.3358,340.3962
01963.HK,重庆银行,"4,010.0000",银行,40.0000,金融,4.6021,2014-06-30,5.1100,-1.3513,0.0000,0.0000,59.1326,138.2371,11.5719,27.0523
01398.HK,工商银行,"4,010.0000",银行,40.0000,金融,4.8757,2014-06-30,4.9000,0.0000,0.0000,0.0000,"4,252.9082","17,218.8413",867.9404,"3,514.0492"
01288.HK,农业银行,"4,010.0000",银行,40.0000,金融,4.5002,2014-06-30,3.4200,0.2933,0.0000,0.0000,"1,051.2677","11,107.9588",307.3882,"3,247.9412"
01111.HK,创兴银行,"4,010.0000",银行,40.0000,金融,15.8768,2014-06-30,14.1600,-0.9790,0.0000,0.0000,61.5960,61.5960,4.3500,4.3500
00998.HK,中信银行,"4,010.0000",银行,40.0000,金融,3.3195,2014-06-30,4.7000,0.2132,0.0000,0.0000,699.4617,"2,199.0044",148.8216,467.8733
00939.HK,建设银行,"4,010.0000",银行,40.0000,金融,5.2471,2014-06-30,5.8600,0.5146,0.0000,0.0000,"14,088.4549","14,650.6433","2,404.1732","2,500.1098"
00440.HK,大新金融,"4,010.0000",银行,40.0000,金融,4.7346,2014-06-30,41.0000,-0.9662,0.0000,0.0000,137.3808,137.3808,3.3508,3.3508
00023.HK,东亚银行,"4,010.0000",银行,40.0000,金融,7.7575,2014-06-30,32.1500,-0.3101,0.0000,0.0000,748.5253,748.5253,23.2823,23.2823
00011.HK,恒生银行,"4,010.0000",银行,40.0000,金融,8.6856,2014-06-30,126.6000,-1.0938,0.0000,0.0000,"2,420.3929","2,420.3929",19.1184,19.1184
00005.HK,汇丰控股,"4,010.0000",银行,40.0000,金融,5.5907,2014-06-30,78.6000,-0.5693,0.0000,0.0000,"14,989.3801","14,989.3801",190.7046,190.7046
02607.HK,上海医药,"3,510.0000",医疗保健设备与服务,35.0000,医疗保健,13.8480,2014-06-30,16.1200,1.1292,0.0000,0.0000,123.4621,433.4524,7.6589,26.8891
01833.HK,平安好医生,"3,510.0000",医疗保健设备与服务,35.0000,医疗保健,――,2014-06-30,――,――,0.0000,0.0000,0.0000,0.0000,0.0000,0.0000
01515.HK,华润医疗,"3,510.0000",医疗保健设备与服务,35.0000,医疗保健,60.4949,2014-06-30,11.6800,-2.3411,0.0000,0.0000,97.3835,97.3835,8.3376,8.3376
01358.HK,普华和顺,"3,510.0000",医疗保健设备与服务,35.0000,医疗保健,24.5475,2014-06-30,4.1600,4.7859,0.0000,0.0000,69.7469,69.7469,16.7661,16.7661
01099.HK,国药控股,"3,510.0000",医疗保健设备与服务,35.0000,医疗保健,21.0242,2014-06-30,21.4500,2.3866,0.0000,0.0000,213.2150,550.8990,9.9401,25.6829
01066.HK,威高股份,"3,510.0000",医疗保健设备与服务,35.0000,医疗保健,163.6740,2014-06-30,7.5700,0.9333,0.0000,0.0000,142.5985,338.8614,18.8373,44.7637
00853.HK,微创医疗,"3,510.0000",医疗保健设备与服务,35.0000,医疗保健,320.0188,2014-06-30,5.0000,2.2495,0.0000,0.0000,70.7045,70.7045,14.1409,14.1409
02282.HK,美高梅中国,"2,530.0000",消费者服务,25.0000,非日常生活消费品,7.7090,2014-06-30,26.9000,3.8610,0.0000,0.0000,"1,022.2000","1,022.2000",38.0000,38.0000
01928.HK,金沙中国有限公司,"2,530.0000",消费者服务,25.0000,非日常生活消费品,15.9424,2014-06-30,58.5500,1.5611,0.0000,0.0000,"4,722.5571","4,722.5571",80.6585,80.6585
01680.HK,澳门励骏,"2,530.0000",消费者服务,25.0000,非日常生活消费品,11.0675,2014-06-30,5.3700,0.9398,0.0000,0.0000,345.5444,345.5444,64.3472,64.3472
01448.HK,福寿园,"2,530.0000",消费者服务,25.0000,非日常生活消费品,87.0540,2014-06-30,4.2300,1.1962,0.0000,0.0000,87.7725,87.7725,20.7500,20.7500
01314.HK,翠华控股,"2,530.0000",消费者服务,25.0000,非日常生活消费品,2.9395,2014-06-30,3.7600,-1.3123,0.0000,0.0000,52.8207,52.8207,14.0481,14.0481
01128.HK,永利澳门,"2,530.0000",消费者服务,25.0000,非日常生活消费品,10.1232,2014-06-30,30.4000,1.8425,0.0000,0.0000,"1,577.1332","1,577.1332",51.8794,51.8794
00880.HK,澳博控股,"2,530.0000",消费者服务,25.0000,非日常生活消费品,7.9281,2014-06-30,19.4200,-0.6141,0.0000,0.0000,"1,098.3232","1,098.3232",56.5563,56.5563
00555.HK,御泰中彩控股,"2,530.0000",消费者服务,25.0000,非日常生活消费品,0.3635,2014-06-30,0.9100,0.0000,0.0000,0.0000,84.5297,84.5297,92.8898,92.8898
00538.HK,味千(中国),"2,530.0000",消费者服务,25.0000,非日常生活消费品,5.0218,2014-06-30,6.0200,0.8375,0.0000,0.0000,65.6719,65.6719,10.9090,10.9090
00341.HK,大家乐集团,"2,530.0000",消费者服务,25.0000,非日常生活消费品,17.7768,2014-06-30,26.1500,1.9493,0.0000,0.0000,151.4051,151.4051,5.7899,5.7899
00308.HK,香港中旅,"2,530.0000",消费者服务,25.0000,非日常生活消费品,5.9601,2014-06-30,1.5200,0.6623,0.0000,0.0000,85.2890,85.2890,56.1112,56.1112
00200.HK,新濠国际发展,"2,530.0000",消费者服务,25.0000,非日常生活消费品,16.6245,2014-06-30,23.4500,2.4018,0.0000,0.0000,366.3463,366.3463,15.6224,15.6224
00069.HK,香格里拉(亚洲),"2,530.0000",消费者服务,25.0000,非日常生活消费品,7.5904,2014-06-30,12.1400,-0.3284,0.0000,0.0000,380.2812,380.2812,31.3246,31.3246
00027.HK,银河娱乐,"2,530.0000",消费者服务,25.0000,非日常生活消费品,26.4217,2014-06-30,62.0000,3.5923,0.0000,0.0000,"2,630.2350","2,630.2350",42.4231,42.4231
06808.HK,高鑫零售,"3,010.0000",食品与主要用品零售,30.0000,日常消费品,28.2718,2014-06-30,8.8700,-0.3371,0.0000,0.0000,846.1718,846.1718,95.3970,95.3970
00291.HK,华润啤酒,"3,010.0000",食品与主要用品零售,30.0000,日常消费品,87.5656,2014-06-30,21.5000,0.0000,0.0000,0.0000,516.8708,516.8708,24.0405,24.0405
06863.HK,辉山乳业,"3,020.0000",食品、饮料与烟草,30.0000,日常消费品,3.5932,2014-06-30,1.7000,-1.1628,0.0000,0.0000,244.9324,244.9324,144.0779,144.0779
02319.HK,蒙牛乳业,"3,020.0000",食品、饮料与烟草,30.0000,日常消费品,69.3266,2014-06-30,35.8500,-1.3755,0.0000,0.0000,702.0599,702.0599,19.5833,19.5833
01886.HK,汇源果汁,"3,020.0000",食品、饮料与烟草,30.0000,日常消费品,18.5727,2014-06-30,3.7600,-0.7916,0.0000,0.0000,75.2103,75.2103,20.0027,20.0027
01431.HK,原生态牧业,"3,020.0000",食品、饮料与烟草,30.0000,日常消费品,9.8236,2014-06-30,1.2300,0.0000,0.0000,0.0000,48.0776,48.0776,39.0875,39.0875
01230.HK,雅士利国际,"3,020.0000",食品、饮料与烟草,30.0000,日常消费品,4.9451,2014-06-30,2.8200,0.7143,0.0000,0.0000,100.3686,100.3686,35.5917,35.5917
01219.HK,天喔国际,"3,020.0000",食品、饮料与烟草,30.0000,日常消费品,2.3020,2014-06-30,2.7500,-0.3623,0.0000,0.0000,57.0243,57.0243,20.7361,20.7361
01117.HK,现代牧业,"3,020.0000",食品、饮料与烟草,30.0000,日常消费品,12.3577,2014-06-30,3.0500,-1.9293,0.0000,0.0000,147.2338,147.2338,48.2734,48.2734
01115.HK,西藏水资源,"3,020.0000",食品、饮料与烟草,30.0000,日常消费品,2.8835,2014-06-30,2.6600,-2.2059,0.0000,0.0000,68.3326,68.3326,25.6889,25.6889
01112.HK,H&H国际控股,"3,020.0000",食品、饮料与烟草,30.0000,日常消费品,20.6737,2014-06-30,43.0000,-2.9345,0.0000,0.0000,259.8520,259.8520,6.0431,6.0431
01068.HK,雨润食品,"3,020.0000",食品、饮料与烟草,30.0000,日常消费品,28.4335,2014-06-30,3.4500,-0.8621,0.0000,0.0000,62.8851,62.8851,18.2276,18.2276
00829.HK,神冠控股,"3,020.0000",食品、饮料与烟草,30.0000,日常消费品,0.8233,2014-06-30,3.2700,0.6154,0.0000,0.0000,108.6987,108.6987,33.2412,33.2412
00606.HK,中国粮油控股,"3,020.0000",食品、饮料与烟草,30.0000,日常消费品,14.6964,2014-06-30,2.9500,2.0761,0.0000,0.0000,154.8715,154.8715,52.4988,52.4988
00506.HK,中国食品,"3,020.0000",食品、饮料与烟草,30.0000,日常消费品,-8.8353,2014-06-30,2.7500,0.0000,0.0000,0.0000,76.9236,76.9236,27.9722,27.9722
00322.HK,康师傅控股,"3,020.0000",食品、饮料与烟草,30.0000,日常消费品,27.1960,2014-06-30,21.7000,0.6961,0.0000,0.0000,"1,215.1378","1,215.1378",55.9971,55.9971
00220.HK,统一企业中国,"3,020.0000",食品、饮料与烟草,30.0000,日常消费品,27.7190,2014-06-30,5.9400,-0.6689,0.0000,0.0000,256.5684,256.5684,43.1933,43.1933
00168.HK,青岛啤酒股份,"3,020.0000",食品、饮料与烟草,30.0000,日常消费品,38.0734,2014-06-30,60.6000,2.8862,0.0000,0.0000,396.9719,818.6956,6.5507,13.5098
00151.HK,中国旺旺,"3,020.0000",食品、饮料与烟草,30.0000,日常消费品,12.6717,2014-06-30,11.1400,2.0147,0.0000,0.0000,"1,470.0373","1,470.0373",131.9603,131.9603
00073.HK,亚洲果业,"3,020.0000",食品、饮料与烟草,30.0000,日常消费品,-0.3236,2014-06-30,1.7400,1.7544,0.0000,0.0000,21.7437,21.7437,12.4964,12.4964
02168.HK,佳兆业美好,"2,020.0000",商业和专业服务,20.0000,工业,――,2014-06-30,――,――,0.0000,0.0000,0.0000,0.0000,0.0000,0.0000
02098.HK,卓尔智联,"2,020.0000",商业和专业服务,20.0000,工业,4.2116,2014-06-30,2.7400,-0.3636,0.0000,0.0000,95.9000,95.9000,35.0000,35.0000
01133.HK,哈尔滨电气,"2,020.0000",商业和专业服务,20.0000,工业,4.9235,2014-06-30,4.7000,0.0000,0.0000,0.0000,31.7518,64.7099,6.7557,13.7681
00882.HK,天津发展,"2,020.0000",商业和专业服务,20.0000,工业,2.5283,2014-06-30,5.8600,0.0000,0.0000,0.0000,62.5537,62.5537,10.6747,10.6747
00656.HK,复星国际,"2,020.0000",商业和专业服务,20.0000,工业,10.6674,2014-06-30,10.3000,0.7828,0.0000,0.0000,713.0153,713.0153,69.2248,69.2248
00267.HK,中信股份,"2,020.0000",商业和专业服务,20.0000,工业,28.4079,2014-06-30,13.5800,0.4438,0.0000,0.0000,495.5945,495.5945,36.4944,36.4944
00257.HK,中国光大国际,"2,020.0000",商业和专业服务,20.0000,工业,22.4913,2014-06-30,11.0800,-0.7168,0.0000,0.0000,496.7953,496.7953,44.8371,44.8371
00242.HK,信德集团,"2,020.0000",商业和专业服务,20.0000,工业,6.2731,2014-06-30,3.9300,-1.9950,0.0000,0.0000,119.3465,119.3465,30.3681,30.3681
00054.HK,合和实业,"2,020.0000",商业和专业服务,20.0000,工业,24.6868,2014-06-30,27.0000,1.3133,0.0000,0.0000,235.2389,235.2389,8.7126,8.7126
03315.HK,金邦达宝嘉,"4,510.0000",软件与服务,45.0000,信息技术,7.1203,2014-06-30,7.9300,1.9280,0.0000,0.0000,65.8190,65.8190,8.3000,8.3000
01149.HK,中国安芯,"4,510.0000",软件与服务,45.0000,信息技术,――,2014-06-30,1.0400,0.0000,0.0000,0.0000,31.8343,31.8343,30.6099,30.6099
00777.HK,网龙,"4,510.0000",软件与服务,45.0000,信息技术,1.6823,2014-06-30,14.3200,-0.2786,0.0000,0.0000,72.8409,72.8409,5.0867,5.0867
00700.HK,腾讯控股,"4,510.0000",软件与服务,45.0000,信息技术,268.0200,2014-06-30,118.2000,-0.1689,0.0000,0.0000,"11,042.8813","11,042.8813",93.4254,93.4254
00696.HK,中国民航信息网络,"4,510.0000",软件与服务,45.0000,信息技术,29.0415,2014-06-30,7.1300,-0.2797,0.0000,0.0000,66.4917,208.6387,9.3256,29.2621
00302.HK,中手游,"4,510.0000",软件与服务,45.0000,信息技术,――,2014-06-30,――,――,0.0000,0.0000,0.0000,0.0000,0.0000,0.0000
00268.HK,金蝶国际,"4,510.0000",软件与服务,45.0000,信息技术,375.1012,2014-06-30,2.5400,-0.3922,0.0000,0.0000,65.1444,65.1444,25.6474,25.6474
01899.HK,兴达国际,"2,510.0000",汽车与汽车零部件,25.0000,非日常生活消费品,5.4824,2014-06-30,3.1200,-2.1944,0.0000,0.0000,47.5730,47.5730,15.2478,15.2478
02338.HK,潍柴动力,"2,510.0000",汽车与汽车零部件,25.0000,非日常生活消费品,28.7192,2014-06-30,29.9500,-0.6633,0.0000,0.0000,145.4851,598.7932,4.8576,19.9931
02333.HK,长城汽车,"2,510.0000",汽车与汽车零部件,25.0000,非日常生活消费品,6.9397,2014-06-30,28.8000,-0.5181,0.0000,0.0000,297.5558,876.2178,10.3318,30.4242
02238.HK,广汽集团,"2,510.0000",汽车与汽车零部件,25.0000,非日常生活消费品,21.2397,2014-06-30,8.9800,1.6988,0.0000,0.0000,198.7544,577.8648,22.1330,64.3502
01211.HK,比亚迪股份,"2,510.0000",汽车与汽车零部件,25.0000,非日常生活消费品,294.3656,2014-06-30,44.5500,-3.5714,0.0000,0.0000,407.6325,"1,103.0580",9.1500,24.7600
01114.HK,BRILLIANCE CHI,"2,510.0000",汽车与汽车零部件,25.0000,非日常生活消费品,8.4644,2014-06-30,14.5400,4.1547,0.0000,0.0000,730.7469,730.7469,50.2577,50.2577
00819.HK,天能动力,"2,510.0000",汽车与汽车零部件,25.0000,非日常生活消费品,118.1876,2014-06-30,2.9200,1.7422,0.0000,0.0000,32.4677,32.4677,11.1191,11.1191
00489.HK,东风集团股份,"2,510.0000",汽车与汽车零部件,25.0000,非日常生活消费品,3.4425,2014-06-30,13.8800,0.7257,0.0000,0.0000,396.3756,"1,195.9175",28.5573,86.1612
00425.HK,敏实集团,"2,510.0000",汽车与汽车零部件,25.0000,非日常生活消费品,22.4199,2014-06-30,15.0600,0.4000,0.0000,0.0000,164.6218,164.6218,10.9311,10.9311
00175.HK,吉利汽车,"2,510.0000",汽车与汽车零部件,25.0000,非日常生活消费品,45.0787,2014-06-30,2.7300,0.0000,0.0000,0.0000,240.2795,240.2795,88.0145,88.0145
03899.HK,中集安瑞科,"1,010.0000",能源,10.0000,能源,5.1362,2014-06-30,10.2000,0.5917,0.0000,0.0000,193.3169,193.3169,18.9526,18.9526
03337.HK,安东油田服务,"1,010.0000",能源,10.0000,能源,2.5025,2014-06-30,5.2800,0.3802,0.0000,0.0000,116.7651,116.7651,22.1146,22.1146
02883.HK,中海油田服务,"1,010.0000",能源,10.0000,能源,3.6309,2014-06-30,18.6400,0.6479,0.0000,0.0000,337.5935,889.4247,18.1112,47.7159
02386.HK,中石化炼化工程,"1,010.0000",能源,10.0000,能源,3.5511,2014-06-30,8.7200,1.9883,0.0000,0.0000,127.3818,386.1216,14.6080,44.2800
02178.HK,百勤油服,"1,010.0000",能源,10.0000,能源,0.8870,2014-06-30,2.2300,-2.1930,0.0000,0.0000,24.0927,24.0927,10.8039,10.8039
01898.HK,中煤能源,"1,010.0000",能源,10.0000,能源,5.4791,2014-06-30,4.0300,-0.4938,0.0000,0.0000,165.4985,534.3241,41.0666,132.5866
01623.HK,海隆控股,"1,010.0000",能源,10.0000,能源,0.7586,2014-06-30,3.8500,-1.2821,0.0000,0.0000,65.3032,65.3032,16.9619,16.9619
01555.HK,MI能源,"1,010.0000",能源,10.0000,能源,0.5904,2014-06-30,1.4300,1.4184,0.0000,0.0000,37.8849,37.8849,26.4929,26.4929
01251.HK,华油能源,"1,010.0000",能源,10.0000,能源,1.2033,2014-06-30,4.0800,0.0000,0.0000,0.0000,62.5758,62.5758,15.3372,15.3372
01171.HK,兖州煤业股份,"1,010.0000",能源,10.0000,能源,29.8857,2014-06-30,5.8600,0.0000,0.0000,0.0000,114.7622,288.2182,19.5840,49.1840
01088.HK,中国神华,"1,010.0000",能源,10.0000,能源,4.3709,2014-06-30,22.4000,0.2237,0.0000,0.0000,761.2825,"4,455.2750",33.9858,198.8962
00934.HK,中石化冠德,"1,010.0000",能源,10.0000,能源,16.0888,2014-06-30,6.3000,0.0000,0.0000,0.0000,156.6281,156.6281,24.8616,24.8616
00883.HK,中国海洋石油,"1,010.0000",能源,10.0000,能源,5.6888,2014-06-30,13.9200,0.4329,0.0000,0.0000,"6,214.9259","6,214.9259",446.4746,446.4746
00857.HK,中国石油股份,"1,010.0000",能源,10.0000,能源,3.0090,2014-06-30,9.7900,0.4103,0.0000,0.0000,"2,065.5823","17,917.7537",210.9890,"1,830.2098"
00639.HK,首钢资源,"1,010.0000",能源,10.0000,能源,8.5585,2014-06-30,1.5900,0.0000,0.0000,0.0000,84.2992,84.2992,53.0184,53.0184
00386.HK,中国石油化工股份,"1,010.0000",能源,10.0000,能源,5.1530,2014-06-30,7.3900,-0.5384,0.0000,0.0000,"1,885.4431","8,631.1906",255.1344,"1,167.9554"
00346.HK,延长石油国际,"1,010.0000",能源,10.0000,能源,30.2422,2014-06-30,0.3850,0.0000,0.0000,0.0000,46.7605,46.7605,121.4557,121.4557
00342.HK,新海能源,"1,010.0000",能源,10.0000,能源,1.3120,2014-06-30,5.8000,0.8696,0.0000,0.0000,86.0371,86.0371,14.8340,14.8340
00338.HK,上海石油化工股份,"1,010.0000",能源,10.0000,能源,7.2044,2014-06-30,2.1600,0.9346,0.0000,0.0000,75.4920,233.2800,34.9500,108.0000
00196.HK,宏华集团,"1,010.0000",能源,10.0000,能源,1.9269,2014-06-30,1.9200,0.0000,0.0000,0.0000,62.2183,62.2183,32.4053,32.4053
00135.HK,昆仑能源,"1,010.0000",能源,10.0000,能源,7.5580,2014-06-30,12.7800,0.3140,0.0000,0.0000,"1,031.6515","1,031.6515",80.7239,80.7239
03998.HK,波司登,"2,520.0000",耐用消费品与服装,25.0000,非日常生活消费品,27.6344,2014-06-30,1.1600,-7.9365,0.0000,0.0000,92.8853,92.8853,80.0735,80.0735
03818.HK,中国动向,"2,520.0000",耐用消费品与服装,25.0000,非日常生活消费品,24.2104,2014-06-30,1.4600,0.0000,0.0000,0.0000,80.8315,80.8315,55.3640,55.3640
02678.HK,天虹纺织,"2,520.0000",耐用消费品与服装,25.0000,非日常生活消费品,3.7571,2014-06-30,5.8700,-0.8446,0.0000,0.0000,51.9308,51.9308,8.8468,8.8468
02331.HK,李宁,"2,520.0000",耐用消费品与服装,25.0000,非日常生活消费品,-170.5676,2014-06-30,6.2000,0.6494,0.0000,0.0000,84.9790,84.9790,13.7063,13.7063
02313.HK,申洲国际,"2,520.0000",耐用消费品与服装,25.0000,非日常生活消费品,82.0044,2014-06-30,26.4500,-0.9363,0.0000,0.0000,370.0355,370.0355,13.9900,13.9900
02222.HK,雷士国际,"2,520.0000",耐用消费品与服装,25.0000,非日常生活消费品,2.0358,2014-06-30,1.7400,-0.5714,0.0000,0.0000,54.4350,54.4350,31.2845,31.2845
01999.HK,敏华控股,"2,520.0000",耐用消费品与服装,25.0000,非日常生活消费品,40.4729,2014-06-30,12.3800,2.6534,0.0000,0.0000,117.6910,117.6910,9.5065,9.5065
01382.HK,互太纺织,"2,520.0000",耐用消费品与服装,25.0000,非日常生活消费品,4.5111,2014-06-30,9.6900,1.3598,0.0000,0.0000,140.1584,140.1584,14.4642,14.4642
01368.HK,特步国际,"2,520.0000",耐用消费品与服装,25.0000,非日常生活消费品,8.1396,2014-06-30,3.2700,-1.8018,0.0000,0.0000,71.1949,71.1949,21.7722,21.7722
01361.HK,361度,"2,520.0000",耐用消费品与服装,25.0000,非日常生活消费品,8.6182,2014-06-30,1.7700,0.0000,0.0000,0.0000,36.5966,36.5966,20.6760,20.6760
01234.HK,中国利郎,"2,520.0000",耐用消费品与服装,25.0000,非日常生活消费品,8.2458,2014-06-30,4.9400,-0.2020,0.0000,0.0000,59.3479,59.3479,12.0138,12.0138
01169.HK,海尔电器,"2,520.0000",耐用消费品与服装,25.0000,非日常生活消费品,30.5546,2014-06-30,20.2500,1.5547,0.0000,0.0000,542.2434,542.2434,26.7775,26.7775
01070.HK,TCL电子,"2,520.0000",耐用消费品与服装,25.0000,非日常生活消费品,-288.4812,2014-06-30,2.7100,-1.4545,0.0000,0.0000,36.1405,36.1405,13.3360,13.3360
01025.HK,嘉艺控股,"2,520.0000",耐用消费品与服装,25.0000,非日常生活消费品,――,2014-06-30,――,――,0.0000,0.0000,0.0000,0.0000,0.0000,0.0000
00751.HK,创维集团,"2,520.0000",耐用消费品与服装,25.0000,非日常生活消费品,6.4685,2014-06-30,3.7000,1.9284,0.0000,0.0000,104.7448,104.7448,28.3094,28.3094
00669.HK,创科实业,"2,520.0000",耐用消费品与服装,25.0000,非日常生活消费品,91.3957,2014-06-30,24.8500,2.0534,0.0000,0.0000,454.9970,454.9970,18.3097,18.3097
00551.HK,裕元集团,"2,520.0000",耐用消费品与服装,25.0000,非日常生活消费品,6.1877,2014-06-30,25.9500,-0.1923,0.0000,0.0000,427.8969,427.8969,16.4893,16.4893
00494.HK,利丰,"2,520.0000",耐用消费品与服装,25.0000,非日常生活消费品,1.8825,2014-06-30,11.4800,1.2346,0.0000,0.0000,959.7737,959.7737,83.6040,83.6040
00493.HK,国美零售,"2,520.0000",耐用消费品与服装,25.0000,非日常生活消费品,22.0299,2014-06-30,1.2700,0.0000,0.0000,0.0000,215.3822,215.3822,169.5923,169.5923
00368.HK,德合集团,"2,520.0000",耐用消费品与服装,25.0000,非日常生活消费品,――,2014-06-30,――,――,0.0000,0.0000,0.0000,0.0000,0.0000,0.0000
00321.HK,德永佳集团,"2,520.0000",耐用消费品与服装,25.0000,非日常生活消费品,2.3981,2014-06-30,7.6800,0.5236,0.0000,0.0000,106.1143,106.1143,13.8170,13.8170
00210.HK,达芙妮国际,"2,520.0000",耐用消费品与服装,25.0000,非日常生活消费品,0.9420,2014-06-30,3.0400,0.9967,0.0000,0.0000,50.1339,50.1339,16.4914,16.4914
03888.HK,金山软件,"5,020.0000",媒体与娱乐,50.0000,通讯服务,66.0525,2014-06-30,23.3500,0.8639,0.0000,0.0000,276.3815,276.3815,11.8365,11.8365
02008.HK,凤凰卫视,"5,020.0000",媒体与娱乐,50.0000,通讯服务,2.1422,2014-06-30,2.8900,0.3472,0.0000,0.0000,144.4246,144.4246,49.9739,49.9739
01661.HK,智美体育,"5,020.0000",媒体与娱乐,50.0000,通讯服务,0.4598,2014-06-30,4.4300,4.9763,0.0000,0.0000,71.2807,71.2807,16.0905,16.0905
00511.HK,电视广播,"5,020.0000",媒体与娱乐,50.0000,通讯服务,2.2530,2014-06-30,50.3500,0.0000,0.0000,0.0000,220.5330,220.5330,4.3800,4.3800
00434.HK,博雅互动,"5,020.0000",媒体与娱乐,50.0000,通讯服务,2.5310,2014-06-30,8.0500,-1.1057,0.0000,0.0000,60.1243,60.1243,7.4689,7.4689
03836.HK,和谐汽车,"2,550.0000",零售业,25.0000,非日常生活消费品,11.0284,2014-06-30,5.1100,0.7890,0.0000,0.0000,55.9155,55.9155,10.9424,10.9424
03389.HK,亨得利,"2,550.0000",零售业,25.0000,非日常生活消费品,2.7466,2014-06-30,1.3500,0.7463,0.0000,0.0000,64.7883,64.7883,47.9913,47.9913
03368.HK,百盛集团,"2,550.0000",零售业,25.0000,非日常生活消费品,1.5814,2014-06-30,2.2200,-1.3333,0.0000,0.0000,61.7056,61.7056,27.7953,27.7953
03308.HK,金鹰商贸集团,"2,550.0000",零售业,25.0000,非日常生活消费品,7.5597,2014-06-30,9.4100,1.1828,0.0000,0.0000,169.4451,169.4451,18.0069,18.0069
02020.HK,安踏体育,"2,550.0000",零售业,25.0000,非日常生活消费品,134.1545,2014-06-30,12.3200,0.9836,0.0000,0.0000,307.4716,307.4716,24.9571,24.9571
01929.HK,周大福,"2,550.0000",零售业,25.0000,非日常生活消费品,11.5099,2014-06-30,11.8400,1.8933,0.0000,0.0000,"1,184.0000","1,184.0000",100.0000,100.0000
01880.HK,百丽国际,"2,550.0000",零售业,25.0000,非日常生活消费品,――,2014-06-30,8.6000,-0.5780,0.0000,0.0000,725.3440,725.3440,84.3423,84.3423
01828.HK,大昌行集团,"2,550.0000",零售业,25.0000,非日常生活消费品,7.7245,2014-06-30,4.6300,-0.8565,0.0000,0.0000,84.8213,84.8213,18.3199,18.3199
01728.HK,正通汽车,"2,550.0000",零售业,25.0000,非日常生活消费品,2.4820,2014-06-30,4.3400,0.0000,0.0000,0.0000,95.9162,95.9162,22.1005,22.1005
01700.HK,华地国际控股,"2,550.0000",零售业,25.0000,非日常生活消费品,4.8352,2014-06-30,3.0700,2.3333,0.0000,0.0000,75.7780,75.7780,24.6834,24.6834
01293.HK,广汇宝信,"2,550.0000",零售业,25.0000,非日常生活消费品,2.6369,2014-06-30,6.5400,-0.7587,0.0000,0.0000,167.2482,167.2482,25.5731,25.5731
01212.HK,利福国际,"2,550.0000",零售业,25.0000,非日常生活消费品,4.1532,2014-06-30,15.1800,0.1319,0.0000,0.0000,247.4096,247.4096,16.2984,16.2984
00891.HK,利邦,"2,550.0000",零售业,25.0000,非日常生活消费品,1.2609,2014-06-30,1.6500,-2.9412,0.0000,0.0000,28.5912,28.5912,17.3280,17.3280
00887.HK,英皇钟表珠宝,"2,550.0000",零售业,25.0000,非日常生活消费品,2.6154,2014-06-30,0.5200,-3.7037,0.0000,0.0000,35.7887,35.7887,68.8245,68.8245
00881.HK,中升控股,"2,550.0000",零售业,25.0000,非日常生活消费品,87.2644,2014-06-30,10.1000,1.2024,0.0000,0.0000,216.8512,216.8512,21.4704,21.4704
00848.HK,茂业国际,"2,550.0000",零售业,25.0000,非日常生活消费品,1.8896,2014-06-30,1.2400,-3.1250,0.0000,0.0000,64.7661,64.7661,52.2307,52.2307
00709.HK,佐丹奴国际,"2,550.0000",零售业,25.0000,非日常生活消费品,3.1172,2014-06-30,4.5700,-0.6522,0.0000,0.0000,71.7423,71.7423,15.6985,15.6985
00590.HK,六福集团,"2,550.0000",零售业,25.0000,非日常生活消费品,5.2574,2014-06-30,22.7000,-1.9438,0.0000,0.0000,133.7275,133.7275,5.8911,5.8911
00484.HK,云游控股,"2,550.0000",零售业,25.0000,非日常生活消费品,-0.8250,2014-06-30,26.6500,2.6975,0.0000,0.0000,33.8332,33.8332,1.2695,1.2695
00330.HK,思捷环球,"2,550.0000",零售业,25.0000,非日常生活消费品,8.0880,2014-06-30,11.0000,0.9174,0.0000,0.0000,213.6723,213.6723,19.4248,19.4248
00178.HK,莎莎国际,"2,550.0000",零售业,25.0000,非日常生活消费品,4.2471,2014-06-30,5.3500,3.4816,0.0000,0.0000,152.1202,152.1202,28.4337,28.4337
00116.HK,周生生,"2,550.0000",零售业,25.0000,非日常生活消费品,4.8425,2014-06-30,19.4000,0.9365,0.0000,0.0000,131.3225,131.3225,6.7692,6.7692
03331.HK,维达国际,"3,030.0000",家庭与个人用品,30.0000,日常消费品,64.1565,2014-06-30,11.7800,2.7923,0.0000,0.0000,117.6071,117.6071,9.9836,9.9836
01044.HK,恒安国际,"3,030.0000",家庭与个人用品,30.0000,日常消费品,19.8384,2014-06-30,81.6000,0.3690,0.0000,0.0000,"1,001.0682","1,001.0682",12.2680,12.2680
03336.HK,巨腾国际,"4,520.0000",技术硬件与设备,45.0000,信息技术,3.7033,2014-06-30,5.5700,-1.5901,0.0000,0.0000,65.0223,65.0223,11.6737,11.6737
02618.HK,TCL通讯,"4,520.0000",技术硬件与设备,45.0000,信息技术,――,2014-06-30,9.3800,2.1786,0.0000,0.0000,113.1344,113.1344,12.0612,12.0612
02369.HK,酷派集团,"4,520.0000",技术硬件与设备,45.0000,信息技术,3.6178,2014-06-30,2.1400,2.3924,0.0000,0.0000,91.4107,91.4107,42.7153,42.7153
02342.HK,京信通信,"4,520.0000",技术硬件与设备,45.0000,信息技术,-36.8247,2014-06-30,2.4700,2.4896,0.0000,0.0000,37.6970,37.6970,15.2620,15.2620
02038.HK,富智康集团,"4,520.0000",技术硬件与设备,45.0000,信息技术,12.2506,2014-06-30,4.9200,0.6135,0.0000,0.0000,380.4616,380.4616,77.3296,77.3296
02018.HK,瑞声科技,"4,520.0000",技术硬件与设备,45.0000,信息技术,17.6940,2014-06-30,50.4500,-0.7866,0.0000,0.0000,619.5260,619.5260,12.2800,12.2800
01888.HK,建滔积层板,"4,520.0000",技术硬件与设备,45.0000,信息技术,20.5965,2014-06-30,2.9500,0.6826,0.0000,0.0000,88.5000,88.5000,30.0000,30.0000
00992.HK,联想集团,"4,520.0000",技术硬件与设备,45.0000,信息技术,9.4759,2014-06-30,10.5800,2.1236,0.0000,0.0000,"1,101.1185","1,101.1185",104.0755,104.0755
00903.HK,冠捷科技,"4,520.0000",技术硬件与设备,45.0000,信息技术,-24.5849,2014-06-30,1.4300,2.1429,0.0000,0.0000,33.5426,33.5426,23.4564,23.4564
00861.HK,神州控股,"4,520.0000",技术硬件与设备,45.0000,信息技术,125.6467,2014-06-30,7.0000,-0.4267,0.0000,0.0000,76.5617,76.5617,10.9374,10.9374
00763.HK,中兴通讯,"4,520.0000",技术硬件与设备,45.0000,信息技术,59.0441,2014-06-30,15.2800,0.0000,0.0000,0.0000,96.2007,525.2563,6.2959,34.3754
00732.HK,信利国际,"4,520.0000",技术硬件与设备,45.0000,信息技术,2.2131,2014-06-30,4.7200,0.2123,0.0000,0.0000,137.4095,137.4095,29.1122,29.1122
00729.HK,五龙电动车,"4,520.0000",技术硬件与设备,45.0000,信息技术,-0.5251,2014-06-30,0.5100,-1.9231,0.0000,0.0000,88.5201,88.5201,173.5689,173.5689
00303.HK,VTECH HOLDINGS,"4,520.0000",技术硬件与设备,45.0000,信息技术,7.1461,2014-06-30,103.0000,-0.7707,0.0000,0.0000,258.7176,258.7176,2.5118,2.5118
00285.HK,比亚迪电子,"4,520.0000",技术硬件与设备,45.0000,信息技术,71.0358,2014-06-30,6.6300,-1.2511,0.0000,0.0000,149.3875,149.3875,22.5320,22.5320
02688.HK,新奥能源,"5,510.0000",公用事业,55.0000,公用事业,61.0347,2014-06-30,55.7000,-0.2686,0.0000,0.0000,603.1972,603.1972,10.8294,10.8294
02380.HK,中国电力,"5,510.0000",公用事业,55.0000,公用事业,5.0171,2014-06-30,3.0600,2.3411,0.0000,0.0000,205.5336,205.5336,67.1679,67.1679
01600.HK,天伦燃气,"5,510.0000",公用事业,55.0000,公用事业,27.6032,2014-06-30,9.2500,2.2099,0.0000,0.0000,76.5831,76.5831,8.2793,8.2793
01193.HK,华润燃气,"5,510.0000",公用事业,55.0000,公用事业,38.1752,2014-06-30,24.4000,1.6667,0.0000,0.0000,542.6591,542.6591,22.2401,22.2401
01083.HK,港华燃气,"5,510.0000",公用事业,55.0000,公用事业,9.4734,2014-06-30,9.1300,0.4400,0.0000,0.0000,238.8015,238.8015,26.1557,26.1557
01038.HK,长江基建集团,"5,510.0000",公用事业,55.0000,公用事业,9.4171,2014-06-30,53.4500,0.0000,0.0000,0.0000,"1,303.9721","1,303.9721",24.3961,24.3961
00991.HK,大唐发电,"5,510.0000",公用事业,55.0000,公用事业,4.4120,2014-06-30,3.0300,0.3311,0.0000,0.0000,100.4650,403.2941,33.1568,133.1004
00968.HK,信义光能,"5,510.0000",公用事业,55.0000,公用事业,251.5775,2014-06-30,1.9900,0.0000,0.0000,0.0000,113.4300,113.4300,57.0000,57.0000
00958.HK,华能新能源,"5,510.0000",公用事业,55.0000,公用事业,29.4832,2014-06-30,2.5600,1.1858,0.0000,0.0000,89.4439,231.1479,34.9390,90.2922
00916.HK,龙源电力,"5,510.0000",公用事业,55.0000,公用事业,15.2607,2014-06-30,8.4100,1.8160,0.0000,0.0000,280.8964,675.8603,33.4003,80.3639
00902.HK,华能国际电力股份,"5,510.0000",公用事业,55.0000,公用事业,4.1315,2014-06-30,8.7500,2.5791,0.0000,0.0000,311.0961,"1,229.8461",35.5538,140.5538
00836.HK,华润电力,"5,510.0000",公用事业,55.0000,公用事业,4.1792,2014-06-30,22.0000,-0.4525,0.0000,0.0000,"1,054.7274","1,054.7274",47.9422,47.9422
00603.HK,中油燃气,"5,510.0000",公用事业,55.0000,公用事业,3.3468,2014-06-30,1.4300,-0.6945,0.0000,0.0000,75.4997,75.4997,52.7970,52.7970
00566.HK,汉能薄膜发电,"5,510.0000",公用事业,55.0000,公用事业,79.6466,2014-06-30,1.1900,0.0000,0.0000,0.0000,342.8730,342.8730,288.1285,288.1285
00392.HK,北京控股,"5,510.0000",公用事业,55.0000,公用事业,7.7674,2014-06-30,73.3500,0.7555,0.0000,0.0000,942.0709,942.0709,12.8435,12.8435
00384.HK,中国燃气,"5,510.0000",公用事业,55.0000,公用事业,44.9823,2014-06-30,16.0800,4.0103,0.0000,0.0000,803.3582,803.3582,49.9601,49.9601
00371.HK,北控水务集团,"5,510.0000",公用事业,55.0000,公用事业,29.8531,2014-06-30,5.1800,0.0000,0.0000,0.0000,448.3609,448.3609,86.5562,86.5562
00270.HK,粤海投资,"5,510.0000",公用事业,55.0000,公用事业,18.5819,2014-06-30,8.9400,-1.1062,0.0000,0.0000,557.8813,557.8813,62.4028,62.4028
00006.HK,电能实业,"5,510.0000",公用事业,55.0000,公用事业,8.4300,2014-06-30,67.7500,-0.8778,0.0000,0.0000,"1,445.9623","1,445.9623",21.3426,21.3426
00003.HK,香港中华煤气,"5,510.0000",公用事业,55.0000,公用事业,28.7813,2014-06-30,16.9600,0.1181,0.0000,0.0000,"1,783.4521","1,783.4521",105.1564,105.1564
00002.HK,中电控股,"5,510.0000",公用事业,55.0000,公用事业,31.4764,2014-06-30,63.6000,-0.4695,0.0000,0.0000,"1,606.8226","1,606.8226",25.2645,25.2645
00960.HK,龙湖集团,"6,010.0000",房地产,60.0000,房地产,23.7352,2014-06-30,9.5500,2.7987,0.0000,0.0000,519.6735,519.6735,54.4161,54.4161
03900.HK,绿城中国,"6,010.0000",房地产,60.0000,房地产,3.7687,2014-06-30,7.7400,4.4534,0.0000,0.0000,167.0942,167.0942,21.5884,21.5884
03383.HK,雅居乐集团,"6,010.0000",房地产,60.0000,房地产,7.0821,2014-06-30,5.4600,3.4091,0.0000,0.0000,190.1074,190.1074,34.8182,34.8182
03380.HK,龙光集团,"6,010.0000",房地产,60.0000,房地产,32.1159,2014-06-30,2.2800,0.8850,0.0000,0.0000,114.0000,114.0000,50.0000,50.0000
03377.HK,远洋集团,"6,010.0000",房地产,60.0000,房地产,2.8362,2014-06-30,3.9300,1.5504,0.0000,0.0000,293.0249,293.0249,74.5610,74.5610
03333.HK,中国恒大,"6,010.0000",房地产,60.0000,房地产,15.0957,2014-06-30,3.0100,1.6892,0.0000,0.0000,443.7430,443.7430,147.4229,147.4229
02777.HK,富力地产,"6,010.0000",房地产,60.0000,房地产,3.6000,2014-06-30,9.5700,1.3771,0.0000,0.0000,97.1602,308.3806,10.1526,32.2237
02007.HK,碧桂园,"6,010.0000",房地产,60.0000,房地产,20.3892,2014-06-30,3.0800,2.3256,0.0000,0.0000,568.4921,568.4921,184.5753,184.5753
01972.HK,太古地产,"6,010.0000",房地产,60.0000,房地产,9.8551,2014-06-30,22.6500,-0.8753,0.0000,0.0000,"1,325.0250","1,325.0250",58.5000,58.5000
01966.HK,中骏集团控股,"6,010.0000",房地产,60.0000,房地产,15.4435,2014-06-30,1.6500,1.2270,0.0000,0.0000,56.4934,56.4934,34.2384,34.2384
01918.HK,融创中国,"6,010.0000",房地产,60.0000,房地产,39.5483,2014-06-30,4.3900,4.0284,0.0000,0.0000,146.1168,146.1168,33.2840,33.2840
01813.HK,合景泰富集团,"6,010.0000",房地产,60.0000,房地产,13.8302,2014-06-30,4.4300,2.0737,0.0000,0.0000,128.1665,128.1665,28.9315,28.9315
01777.HK,花样年控股,"6,010.0000",房地产,60.0000,房地产,6.1227,2014-06-30,0.9000,-1.0989,0.0000,0.0000,51.8168,51.8168,57.5742,57.5742
01668.HK,华南城,"6,010.0000",房地产,60.0000,房地产,1.8757,2014-06-30,4.0700,0.4938,0.0000,0.0000,283.5737,283.5737,69.6741,69.6741
01638.HK,佳兆业集团,"6,010.0000",房地产,60.0000,房地产,6.6289,2014-06-30,2.3000,0.8772,0.0000,0.0000,116.3894,116.3894,50.6041,50.6041
01628.HK,禹洲集团,"6,010.0000",房地产,60.0000,房地产,10.8098,2014-06-30,1.7000,0.0000,0.0000,0.0000,58.7520,58.7520,34.5600,34.5600
01396.HK,毅德国际,"6,010.0000",房地产,60.0000,房地产,1.3024,2014-06-30,2.3900,-3.6290,0.0000,0.0000,96.0439,96.0439,40.1857,40.1857
01387.HK,中国地利,"6,010.0000",房地产,60.0000,房地产,-8.8010,2014-06-30,0.3650,0.0000,0.0000,0.0000,77.1907,77.1907,211.4813,211.4813
01369.HK,五洲国际,"6,010.0000",房地产,60.0000,房地产,0.1539,2014-06-30,1.5500,2.6490,0.0000,0.0000,72.1677,72.1677,46.5598,46.5598
01238.HK,宝龙地产,"6,010.0000",房地产,60.0000,房地产,13.5052,2014-06-30,1.0800,1.8868,0.0000,0.0000,43.1709,43.1709,39.9730,39.9730
01233.HK,时代中国控股,"6,010.0000",房地产,60.0000,房地产,18.6543,2014-06-30,3.1700,-0.3145,0.0000,0.0000,54.6178,54.6178,17.2296,17.2296
01224.HK,中渝置地,"6,010.0000",房地产,60.0000,房地产,13.2127,2014-06-30,1.4300,-1.3793,0.0000,0.0000,37.0116,37.0116,25.8822,25.8822
01109.HK,华润置地,"6,010.0000",房地产,60.0000,房地产,17.6866,2014-06-30,14.1800,2.0144,0.0000,0.0000,826.8385,826.8385,58.3102,58.3102
01098.HK,路劲,"6,010.0000",房地产,60.0000,房地产,7.7955,2014-06-30,7.0000,0.2865,0.0000,0.0000,51.3783,51.3783,7.3398,7.3398
01030.HK,新城发展,"6,010.0000",房地产,60.0000,房地产,36.1735,2014-06-30,0.6800,1.4925,0.0000,0.0000,38.5424,38.5424,56.6800,56.6800
00917.HK,新世界中国,"6,010.0000",房地产,60.0000,房地产,――,2014-06-30,4.6300,1.7582,0.0000,0.0000,402.0391,402.0391,86.8335,86.8335
00884.HK,旭辉控股集团,"6,010.0000",房地产,60.0000,房地产,23.0252,2014-06-30,1.4300,2.1429,0.0000,0.0000,86.1801,86.1801,60.2658,60.2658
00846.HK,明发集团,"6,010.0000",房地产,60.0000,房地产,6.4712,2014-06-30,2.6000,0.3861,0.0000,0.0000,158.4297,158.4297,60.9345,60.9345
00845.HK,恒盛地产,"6,010.0000",房地产,60.0000,房地产,5.6638,2014-06-30,1.0800,-0.9174,0.0000,0.0000,84.1606,84.1606,77.9265,77.9265
00832.HK,建业地产,"6,010.0000",房地产,60.0000,房地产,7.7035,2014-06-30,1.9800,2.0619,0.0000,0.0000,48.2198,48.2198,24.3534,24.3534
00817.HK,中国金茂,"6,010.0000",房地产,60.0000,房地产,14.8544,2014-06-30,2.0400,-1.4493,0.0000,0.0000,186.8944,186.8944,91.6149,91.6149
00813.HK,世茂集团,"6,010.0000",房地产,60.0000,房地产,14.1145,2014-06-30,14.2400,3.3382,0.0000,0.0000,494.4942,494.4942,34.7257,34.7257
00754.HK,合生创展集团,"6,010.0000",房地产,60.0000,房地产,8.4345,2014-06-30,7.5500,0.5326,0.0000,0.0000,169.4157,169.4157,22.4392,22.4392
00715.HK,中泛控股,"6,010.0000",房地产,60.0000,房地产,16.8128,2014-06-30,0.6000,0.0000,0.0000,0.0000,53.8088,53.8088,89.6814,89.6814
00688.HK,中国海外发展,"6,010.0000",房地产,60.0000,房地产,11.0301,2014-06-30,18.8000,0.8584,0.0000,0.0000,"1,536.7074","1,536.7074",81.7398,81.7398
00683.HK,嘉里建设,"6,010.0000",房地产,60.0000,房地产,2.2200,2014-06-30,27.1000,0.9311,0.0000,0.0000,391.4222,391.4222,14.4436,14.4436
00604.HK,深圳控股,"6,010.0000",房地产,60.0000,房地产,8.7100,2014-06-30,2.4800,1.2245,0.0000,0.0000,133.4867,133.4867,53.8253,53.8253
00563.HK,上实城市开发,"6,010.0000",房地产,60.0000,房地产,30.4853,2014-06-30,1.4800,0.0000,0.0000,0.0000,71.2105,71.2105,48.1152,48.1152
00535.HK,金地商置,"6,010.0000",房地产,60.0000,房地产,98.6678,2014-06-30,0.4350,-1.1364,0.0000,0.0000,39.5550,39.5550,90.9310,90.9310
00410.HK,SOHO中国,"6,010.0000",房地产,60.0000,房地产,1.3667,2014-06-30,6.1100,2.1739,0.0000,0.0000,320.8264,320.8264,52.5084,52.5084
00337.HK,绿地香港,"6,010.0000",房地产,60.0000,房地产,163.4547,2014-06-30,3.3700,-0.5900,0.0000,0.0000,38.4952,38.4952,11.4229,11.4229
00272.HK,瑞安房地产,"6,010.0000",房地产,60.0000,房地产,3.3707,2014-06-30,1.8900,1.0695,0.0000,0.0000,151.2326,151.2326,80.0173,80.0173
00208.HK,保利达资产,"6,010.0000",房地产,60.0000,房地产,709.4241,2014-06-30,1.2300,0.8197,0.0000,0.0000,54.5993,54.5993,44.3897,44.3897
00194.HK,廖创兴企业,"6,010.0000",房地产,60.0000,房地产,4.8694,2014-06-30,9.1800,-0.1088,0.0000,0.0000,34.7540,34.7540,3.7858,3.7858
00173.HK,嘉华国际,"6,010.0000",房地产,60.0000,房地产,6.8738,2014-06-30,5.4100,1.1215,0.0000,0.0000,146.9948,146.9948,27.1709,27.1709
00163.HK,英皇国际,"6,010.0000",房地产,60.0000,房地产,2.3552,2014-06-30,1.7600,0.0000,0.0000,0.0000,64.6233,64.6233,36.7178,36.7178
00123.HK,越秀地产,"6,010.0000",房地产,60.0000,房地产,6.5505,2014-06-30,1.4800,1.3699,0.0000,0.0000,137.9995,137.9995,93.2429,93.2429
00119.HK,保利置业集团,"6,010.0000",房地产,60.0000,房地产,3.3708,2014-06-30,3.2300,2.2152,0.0000,0.0000,117.7218,117.7218,36.4464,36.4464
00101.HK,恒隆地产,"6,010.0000",房地产,60.0000,房地产,13.8137,2014-06-30,23.9000,-0.6237,0.0000,0.0000,"1,071.9646","1,071.9646",44.8521,44.8521
00083.HK,信和置业,"6,010.0000",房地产,60.0000,房地产,7.3914,2014-06-30,12.7600,-0.4680,0.0000,0.0000,767.7259,767.7259,60.1666,60.1666
00081.HK,中国海外宏洋集团,"6,010.0000",房地产,60.0000,房地产,5.7638,2014-06-30,4.8000,1.6949,0.0000,0.0000,109.5475,109.5475,22.8224,22.8224
00041.HK,鹰君,"6,010.0000",房地产,60.0000,房地产,5.4906,2014-06-30,28.3500,1.6129,0.0000,0.0000,185.9013,185.9013,6.5574,6.5574
00034.HK,九龙建业,"6,010.0000",房地产,60.0000,房地产,8.7588,2014-06-30,9.1100,-0.8705,0.0000,0.0000,104.8271,104.8271,11.5068,11.5068
00020.HK,会德丰,"6,010.0000",房地产,60.0000,房地产,7.4224,2014-06-30,32.3500,-0.9188,0.0000,0.0000,657.3032,657.3032,20.3185,20.3185
00019.HK,太古股份公司A,"6,010.0000",房地产,60.0000,房地产,2.8775,2014-06-30,95.4000,-0.7284,0.0000,0.0000,863.9219,863.9219,9.0558,9.0558
00017.HK,新世界发展,"6,010.0000",房地产,60.0000,房地产,10.6810,2014-06-30,8.8200,-0.3390,0.0000,0.0000,764.1657,764.1657,86.6401,86.6401
00016.HK,新鸿基地产,"6,010.0000",房地产,60.0000,房地产,8.8005,2014-06-30,106.3000,-0.5613,0.0000,0.0000,"2,896.8742","2,896.8742",27.2519,27.2519
00014.HK,希慎兴业,"6,010.0000",房地产,60.0000,房地产,4.2637,2014-06-30,36.3000,-0.5479,0.0000,0.0000,386.1346,386.1346,10.6373,10.6373
00012.HK,恒基地产,"6,010.0000",房地产,60.0000,房地产,9.3045,2014-06-30,45.3500,-1.4130,0.0000,0.0000,"1,346.3942","1,346.3942",29.6890,29.6890
00004.HK,九龙仓集团,"6,010.0000",房地产,60.0000,房地产,1.5797,2014-06-30,55.8000,-0.6233,0.0000,0.0000,"1,690.8110","1,690.8110",30.3013,30.3013
00001.HK,长和,"6,010.0000",房地产,60.0000,房地产,5.5831,2014-06-30,――,-0.3623,0.0000,0.0000,0.0000,0.0000,0.0000,0.0000
01883.HK,中信国际电讯,"5,010.0000",电信业务,50.0000,通讯服务,9.1645,2014-06-30,2.9200,-1.6835,0.0000,0.0000,97.4583,97.4583,33.3761,33.3761
00941.HK,中国移动,"5,010.0000",电信业务,50.0000,通讯服务,7.7984,2014-06-30,75.2000,-0.5291,0.0000,0.0000,"15,274.9270","15,274.9270",203.1240,203.1240
00762.HK,中国联通,"5,010.0000",电信业务,50.0000,通讯服务,14.2845,2014-06-30,11.9800,0.8417,0.0000,0.0000,"2,856.1079","2,856.1079",238.4063,238.4063
00728.HK,中国电信,"5,010.0000",电信业务,50.0000,通讯服务,9.7197,2014-06-30,3.7900,1.6086,0.0000,0.0000,525.9538,"3,067.3368",138.7741,809.3237
00552.HK,中国通信服务,"5,010.0000",电信业务,50.0000,通讯服务,12.5775,2014-06-30,3.7700,2.1680,0.0000,0.0000,90.1565,261.1109,23.9142,69.2602
00315.HK,数码通电讯,"5,010.0000",电信业务,50.0000,通讯服务,9.0474,2014-06-30,9.7600,6.0870,0.0000,0.0000,102.0885,102.0885,10.4599,10.4599
00215.HK,和记电讯香港,"5,010.0000",电信业务,50.0000,通讯服务,6.5763,2014-06-30,3.1600,6.0403,0.0000,0.0000,152.2771,152.2771,48.1890,48.1890
00008.HK,电讯盈科,"5,010.0000",电信业务,50.0000,通讯服务,20.1340,2014-06-30,4.6200,-1.7021,0.0000,0.0000,341.7199,341.7199,73.9654,73.9654
02628.HK,中国人寿,"4,030.0000",保险,40.0000,金融,16.9058,2014-06-30,20.3000,-0.4902,0.0000,0.0000,"1,510.5585","5,737.7351",74.4118,282.6471
02601.HK,中国太保,"4,030.0000",保险,40.0000,金融,18.8258,2014-06-30,27.3500,1.1091,0.0000,0.0000,759.0446,"2,478.4570",27.7530,90.6200
02328.HK,中国财险,"4,030.0000",保险,40.0000,金融,10.1535,2014-06-30,11.7400,0.8591,0.0000,0.0000,495.3988,"1,597.1258",42.1975,136.0414
02318.HK,中国平安,"4,030.0000",保险,40.0000,金融,42.9581,2014-06-30,60.0000,0.4184,0.0000,0.0000,"1,877.8395","4,749.6891",31.2973,79.1615
01339.HK,中国人民保险集团,"4,030.0000",保险,40.0000,金融,11.1320,2014-06-30,3.0600,0.9901,0.0000,0.0000,267.0228,"1,298.1741",87.2623,424.2399
01336.HK,新华保险,"4,030.0000",保险,40.0000,金融,17.6380,2014-06-30,25.7000,3.8384,0.0000,0.0000,265.7656,801.7235,10.3411,31.1955
01299.HK,友邦保险,"4,030.0000",保险,40.0000,金融,42.9975,2014-06-30,38.9500,-1.1421,0.0000,0.0000,"4,691.4487","4,691.4487",120.4480,120.4480
00966.HK,中国太平,"4,030.0000",保险,40.0000,金融,30.5360,2014-06-30,13.8800,1.9090,0.0000,0.0000,337.2855,337.2855,24.3001,24.3001
03800.HK,保利协鑫能源,"4,530.0000",半导体产品与设备,45.0000,信息技术,-10.1844,2014-06-30,2.5900,0.7782,0.0000,0.0000,401.0900,401.0900,154.8610,154.8610
00981.HK,中芯国际,"4,530.0000",半导体产品与设备,45.0000,信息技术,142.9338,2014-06-30,0.6700,1.5152,0.0000,0.0000,233.3735,233.3735,348.3186,348.3186
00522.HK,ASM PACIFIC,"4,530.0000",半导体产品与设备,45.0000,信息技术,60.0252,2014-06-30,84.7000,-0.0590,0.0000,0.0000,339.3367,339.3367,4.0063,4.0063
00735.HK,中国电力清洁能源,――,――,――,――,――,2014-06-30,――,――,0.0000,0.0000,0.0000,0.0000,0.0000,0.0000
